"BADUNG","Freq"
"Accessory fruit",1
"Action figure",1
"African elephant",1
"Aguas frescas",1
"Air gun",1
"Air show",1
"Aircraft engine",1
"Aisle",1
"Akita",1
"Al dente",1
"Algae",1
"All-terrain vehicle",1
"Alligator",1
"Allium",1
"Almond milk",1
"Aluminium",1
"Aluminum can",1
"Amaryllis family",1
"Amazake",1
"American alligator",1
"American crocodile",1
"Analog synthesizer",1
"Analog watch",1
"Ancient dog breeds",1
"Angling",1
"Animal fat",1
"Animal sports",1
"Anime",1
"Anticuchos",1
"Antipasto",1
"Antique car",1
"Antler",1
"Arabian mau",1
"Arancini",1
"Arena",1
"Argiope",1
"Art exhibition",1
"Art gallery",1
"Artificial island",1
"Asclepiadoideae",1
"Asian soups",1
"Atlantic canary",1
"Atlantic spanish mackerel",1
"Attic",1
"Audio equipment",1
"Auditorium",1
"Automotive mirror",1
"Autumn",1
"Baby in car seat",1
"Bachelorette party",1
"Baggage",1
"Baguette",1
"Balloon",1
"Baluster",1
"Balut",1
"Banana leaf",1
"Banana leaf rice",1
"Bangers and mash",1
"Bánh khoai mì",1
"Banknote",1
"Barbecue chicken",1
"Barbed wire",1
"Barista",1
"Barquentine",1
"Baseball cap",1
"Basil",1
"Bay breeze",1
"Bayou",1
"Beach soccer",1
"Beacon",1
"Beef stroganoff",1
"Beer bread",1
"Beer glass",1
"Beige",1
"Beverage can",1
"Bia hoi",1
"Bicycle accessory",1
"Bicycle clothing",1
"Bicycle frame",1
"Billboard",1
"Biome",1
"Bivalve",1
"Black cat",1
"Block party",1
"Blossom",1
"Bomb vessel",1
"Book cover",1
"Bottle cap",1
"Boutique",1
"Bovine",1
"Bowed string instrument",1
"Bowling",1
"Boza",1
"Brambling",1
"Brass",1
"Bratwurst",1
"Bread pudding",1
"Bridal accessory",1
"Bridal clothing",1
"Brochette",1
"Bronze",1
"Broth",1
"Brown hair",1
"Buffalo burger",1
"Bug",1
"Buoyancy compensator",1
"Burasa",1
"Butorides",1
"Buttercream",1
"Cabin",1
"Cable",1
"Caipiroska",1
"Calabaza",1
"Camouflage",1
"Camping",1
"Canal",1
"Canary",1
"Canh chua",1
"Car seat",1
"Caravel",1
"Carbonara",1
"Cardboard",1
"Caridean shrimp",1
"Carousel",1
"Carton",1
"Cash",1
"Casting (fishing)",1
"Cattleya",1
"Celestial event",1
"Ceramic",1
"Ceviche",1
"Chainsaw carving",1
"Chaise longue",1
"Chandelier",1
"Chaparral",1
"Chapati",1
"Chapel",1
"Char kway teow",1
"Cheering",1
"Cheeseburger",1
"Chess",1
"Chest of drawers",1
"Chiavari chair",1
"Chicken tikka",1
"Chinese herb tea",1
"Chocolate",1
"Chocolate bar",1
"Choreography",1
"Chow mein",1
"Christmas tree",1
"Chrysopogon zizanioides",1
"Church",1
"Ciambella",1
"Cider doughnut",1
"Citrus",1
"Clam",1
"Classic car",1
"Classic cocktail",1
"Club",1
"Cobalt blue",1
"Cobblestone",1
"Cockroach",1
"Coddle",1
"Coffeemaker",1
"Cola",1
"Comics",1
"Compact van",1
"Company",1
"Competition",1
"Compost",1
"Computer desk",1
"Confectionery",1
"Construction",1
"Convention",1
"Convention center",1
"Cooking oil",1
"Cookware and bakeware",1
"Copper",1
"Cornrows",1
"Cortado",1
"Corunda",1
"Costume design",1
"Cotoletta",1
"Couscous",1
"Crater lake",1
"Crawling",1
"Crispy fried chicken",1
"Crock",1
"Crocodile",1
"Crocodilia",1
"Crocus",1
"Crudo",1
"Crustacean",1
"Crypt",1
"Cuban food",1
"Cucurbita",1
"Cumberland sausage",1
"Currency",1
"Curry mee",1
"Customer",1
"Cutlery",1
"Cutlet",1
"Cycle sport",1
"Cylinder",1
"Dairy",1
"Daisy family",1
"Decanter",1
"Decapoda",1
"Deep frying",1
"Deer",1
"desert rose",1
"Diagram",1
"Dining room",1
"Dip",1
"Diving mask",1
"Dog walking",1
"Doll",1
"Dollar",1
"Dondurma",1
"Door handle",1
"Doughnut",1
"Dragon lizard",1
"Dreadlocks",1
"Drinking straw",1
"Drum",1
"Drummer",1
"Duvet",1
"Earl grey tea",1
"Eel",1
"Egg yolk",1
"Egret",1
"Elbow",1
"Electric blue",1
"Electric car",1
"Electronic component",1
"Electronics accessory",1
"Elevator",1
"Elk",1
"Emergency light",1
"Employment",1
"End table",1
"Endurance sports",1
"Energy bar",1
"Energy drink",1
"Engineering",1
"Equestrianism",1
"Escargot",1
"Espressino",1
"Explosion",1
"Eyelash",1
"Falafel",1
"Falconiformes",1
"Falooda",1
"Farmer",1
"Farmhouse",1
"Feather",1
"Feature phone",1
"Feeder fish",1
"Fender",1
"Fern",1
"Ferns and horsetails",1
"Ferrari testarossa",1
"Feta",1
"Fish fry",1
"Fish head curry",1
"Fisherman",1
"Fishing net",1
"Fishing rod",1
"Fishing trawler",1
"Flagship",1
"Flamiche",1
"Flamingo",1
"Flare",1
"Flea market",1
"Fly",1
"Fly fishing",1
"Foam",1
"Forage fish",1
"Fork",1
"Fox squirrel",1
"Fox terrier",1
"Frankfurter würstchen",1
"Freestyle walking",1
"Freezing",1
"Frittata",1
"Fritter",1
"Frost",1
"Fruit salad",1
"Fungus",1
"G<U+1ECF>i cu<U+1ED1>n",1
"Gamelan",1
"Garden roses",1
"Gate",1
"Gecko",1
"Gelato",1
"General aviation",1
"Gerbera",1
"Gift basket",1
"Glacial lake",1
"Goat cheese",1
"Goggles",1
"Golf course",1
"Graham bread",1
"Grapefruit",1
"Gravel",1
"Gravure idol",1
"Gravy",1
"Great egret",1
"Greek salad",1
"Green algae",1
"Green heron",1
"Green sea turtle",1
"Grey",1
"Grey squirrel",1
"Gringas",1
"ground squirrels",1
"Guenon",1
"Guitar",1
"Guitarist",1
"Gun",1
"Hair accessory",1
"Hair care",1
"Hair coloring",1
"Haleem",1
"Hall",1
"Hamper",1
"Hangar",1
"Harvest",1
"Hash browns",1
"Hawaiian food",1
"Hawk",1
"Headpiece",1
"Health shake",1
"Herbaceous plant",1
"Herring",1
"Hollandaise sauce",1
"Home accessories",1
"Home automation",1
"Home door",1
"Honda zest",1
"Hood",1
"Hoodie",1
"Horchata",1
"Horse",1
"Hot chocolate",1
"Hot rod",1
"Household silver",1
"Hug",1
"Hula",1
"Hybrid bicycle",1
"Ice",1
"Ice cream",1
"Iced coffee",1
"Icon",1
"Iguana",1
"Iguanidae",1
"Indian cobra",1
"Indian cuisine",1
"Industry",1
"Intrusion",1
"Inventory",1
"Invitation",1
"Ipad",1
"Ivy",1
"Jack-o'-lantern",1
"Jacket",1
"Jackup rig",1
"Japanese idol",1
"Jasmine",1
"Jazz",1
"Jazz club",1
"Jeongol",1
"Jet engine",1
"Job",1
"Kabsa",1
"Karaage",1
"Kayak",1
"Kayaking",1
"Kemp's ridley sea turtle",1
"Key lime",1
"Keyboard",1
"Kilt",1
"Kinkajou",1
"Kiss",1
"Kitchen & dining room table",1
"Kitchen appliance",1
"Korat",1
"Korokke",1
"Kreplach",1
"Kung fu",1
"Kushikatsu",1
"Labrador retriever",1
"Lace wig",1
"Lacerta",1
"Lagoon",1
"Lake district",1
"Laksa",1
"Lamian",1
"Lamp",1
"Laotian cuisine",1
"Lap",1
"Laser guns",1
"Lassi",1
"Latte",1
"Laugh",1
"Lcd tv",1
"Leash",1
"Lechona",1
"Lei",1
"Lens cap",1
"Lens flare",1
"Lettuce",1
"Lifejacket",1
"Light aircraft",1
"Lighthouse",1
"Limestone",1
"Liquid",1
"Little Brown Myotis",1
"Little egret",1
"Little red flying fox",1
"Lobster",1
"Loggerhead sea turtle",1
"Long-distance running",1
"Lotus",1
"Loudspeaker",1
"Lugger",1
"Lumpia",1
"Lupis",1
"Lymnaeidae",1
"Macedonia",1
"Manakish",1
"Mannequin",1
"Marathon",1
"Marsh",1
"Masala",1
"Mason jar",1
"Massaman curry",1
"Mast",1
"Mattress pad",1
"Mausoleum",1
"Meal, ready-to-eat",1
"Measuring instrument",1
"Medieval architecture",1
"Meditation",1
"Megalith",1
"Membrane-winged insect",1
"Menchi-katsu",1
"Meze",1
"Microphone",1
"Microvan",1
"Mie goreng",1
"Military",1
"Milkweed",1
"Mini SUV",1
"Minibus",1
"Mist",1
"Mocaccino",1
"Mochi",1
"Modem",1
"Moisture meter",1
"Molding",1
"Molluscs",1
"Monastery",1
"Money",1
"Money handling",1
"Mongolian food",1
"Moped",1
"Motocross",1
"Motor ship",1
"Motorcycle speedway",1
"Motorsport",1
"Movie",1
"Mudflat",1
"Museum",1
"Musical keyboard",1
"N<U+1ED9>m",1
"Naan",1
"Nacatamal",1
"Nachos",1
"Nail",1
"Napkin",1
"Narrows",1
"Nasi kandar",1
"Navel",1
"Nepalese cuisine",1
"Net",1
"Netbook",1
"New year",1
"Newspaper",1
"Newsprint",1
"Nightingale",1
"Nightshade family",1
"Nile crocodile",1
"Norrbottenspets",1
"Norwegian lundehund",1
"Novel",1
"Number",1
"Ocean liner",1
"Office",1
"Office equipment",1
"Oil lamp",1
"Onion",1
"Orb-weaver spider",1
"Ostrich fern",1
"Outdoor bench",1
"Outdoor structure",1
"Oven bag",1
"Overpass",1
"Owl",1
"Oxygen mask",1
"Oyster",1
"Parachuting",1
"Parade",1
"Parrotfish",1
"Party supply",1
"Pastry",1
"Paw",1
"Peach",1
"Pedestrian crossing",1
"Percussion",1
"Performance car",1
"Persian lime",1
"Phat si io",1
"Piano",1
"Picnic",1
"Picnic table",1
"Pigeons and doves",1
"Pint",1
"Pit cave",1
"Plane",1
"Plaster",1
"Plastic",1
"Plastic bag",1
"Plastic bottle",1
"Player",1
"Plucked string instruments",1
"Plush",1
"Pomeranian",1
"Pool",1
"Pork belly",1
"Pork steak",1
"Portrait",1
"Poutine",1
"Prairie",1
"Present",1
"Procyonidae",1
"Profiterole",1
"Propeller",1
"Prophet",1
"Pumpkin",1
"Punch",1
"Punjabi cuisine",1
"Purple mangosteen",1
"Quesadilla",1
"Quiche",1
"Racing bicycle",1
"Rafeiro do alentejo",1
"Rambutan",1
"Ranat",1
"Ravine",1
"Reading",1
"Rear-view mirror",1
"Rebellion",1
"Recycling",1
"Red curry",1
"Red wine",1
"Refried beans",1
"Refrigerator",1
"Rein",1
"Reindeer",1
"Rejoicing",1
"Religious item",1
"Rest area",1
"Retriever",1
"Retro style",1
"Rice paper",1
"Rickey",1
"Rickshaw",1
"Risotto",1
"Road bicycle",1
"Road cycling",1
"Road trip",1
"Rolling stock",1
"Rose family",1
"rubber ducky",1
"Rum swizzle",1
"Russian blue",1
"RV",1
"Sail",1
"Sailing",1
"Sailing ship",1
"Sake",1
"Salad bar",1
"Saltwater crocodile",1
"Samba",1
"Samgyeopsal",1
"Sandwich",1
"Sandwich wrap",1
"Santa claus",1
"Sardine",1
"Saucer",1
"Sauna",1
"Sausage",1
"Saving",1
"Scaffolding",1
"Scallop",1
"Schnitzel",1
"Scone",1
"Scrap",1
"Sculptor",1
"Sea kayak",1
"Sea snail",1
"Sea turtle",1
"Security lighting",1
"Sedan",1
"Sensor",1
"Shinto shrine",1
"Shoemaking",1
"Shooting",1
"Shooting sport",1
"Siberian husky",1
"Sicilian pizza",1
"Sideboard",1
"signaling device",1
"Siu yeh",1
"Skatepark",1
"Sketch",1
"Ski boot",1
"Skyline",1
"Slipcover",1
"Sloop-of-war",1
"Smartphone",1
"Smooth fox terrier",1
"Snack cake",1
"Snail",1
"Snails and slugs",1
"Snorkeling",1
"Soapberry family",1
"Soda bread",1
"Sofa tables",1
"Software engineering",1
"Solanum",1
"Solanum lycocarpum",1
"Solar energy",1
"Sole",1
"Sourdough",1
"Spa town",1
"Space bar",1
"Spaghetti aglio e olio",1
"Spider",1
"Spider web",1
"Spiny lobster",1
"Sports gear",1
"Stadium",1
"Stain",1
"Stained glass",1
"Stand up paddle surfing",1
"Star",1
"Steak",1
"Steak tartare",1
"Step cutting",1
"Stockfish",1
"Stocking",1
"Stork",1
"Strap",1
"Strawberry",1
"Strawberry juice",1
"Street artist",1
"Street dance",1
"studio couch",1
"Stuffed clam",1
"Stuffed toy",1
"Stuffing",1
"Subshrub",1
"Suit",1
"Sujebi",1
"Suman",1
"Sundae",1
"Supermoto",1
"Surf fishing",1
"Surf kayaking",1
"Surfboat",1
"Sushi",1
"Swamp Sparrow",1
"Swan",1
"Swim brief",1
"Swimming",1
"Swimsuit bottom",1
"Swing",1
"Symbol",1
"T'ai chi ch'uan",1
"Tablecloth",1
"Tablet computer",1
"Taglierini",1
"Taho",1
"Taiwanese opera",1
"Takeoff",1
"Tall ship",1
"Tandoori chicken",1
"Tangle-web spider",1
"Tartan",1
"Tarte flambée",1
"Tea",1
"Teal",1
"Team sport",1
"Teddy bear",1
"Teleconverter",1
"Telephony",1
"Television",1
"Television set",1
"Temporary tattoo",1
"Thinking",1
"Thumb",1
"Tide pool",1
"Tie",1
"Tights",1
"Tiki",1
"Tilapia",1
"Tin can",1
"Toad",1
"Tobacco products",1
"Tom collins",1
"Tom kha kai",1
"Tool",1
"Torii",1
"Torte",1
"Tortilla",1
"Tostada",1
"Touchpad",1
"Tower block",1
"Town square",1
"Toyota avanza",1
"Toyota fortuner",1
"Trademark",1
"Traffic congestion",1
"Traffic light",1
"Trail riding",1
"Tray",1
"trick-or-treat",1
"Tricking",1
"Turboprop",1
"Turkish coffee",1
"Turtle",1
"Tusk",1
"vampire bat",1
"Vascular plant",1
"Vase",1
"Veal",1
"Vegan nutrition",1
"Veggie burger",1
"Vehicle registration plate",1
"Vine",1
"Vintage car",1
"Violet family",1
"Viverridae",1
"Volcanic field",1
"Volkswagen type 2",1
"Volleyball",1
"Wadi",1
"Wallflower",1
"Warehouse",1
"Watch accessory",1
"Water gun",1
"Water spinach",1
"Wedding invitation",1
"Wetland",1
"Wetsuit",1
"Whopper",1
"Wild cat",1
"Winter squash",1
"Wire fencing",1
"Wonton",1
"Woo woo",1
"Wool",1
"Wrestling",1
"Wrinkle",1
"Wrist",1
"Xing yi quan",1
"Yakisoba",1
"Yangqin",1
"Yellow garden spider",1
"Yuca",1
"Zongzi",1
"Zwiebelkuchen",1
"Accipitriformes",2
"Adventure game",2
"Aerial photography",2
"American food",2
"Amusement park",2
"Amusement ride",2
"Animal shelter",2
"Animated cartoon",2
"Anthurium",2
"Aquanaut",2
"Arachnid",2
"Army",2
"Artificial flower",2
"Artificial turf",2
"Artisan",2
"Artist",2
"Automotive window part",2
"Baby carriage",2
"Baby Products",2
"Badlands",2
"Basket",2
"Bat",2
"Bathtub",2
"Beard",2
"Bed frame",2
"Bedrock",2
"Beer cocktail",2
"Bench",2
"Bicycle handlebar",2
"Bicycle helmet",2
"Bicycle saddle",2
"Bidet",2
"big brown bat",2
"Bird's-eye view",2
"Bird of prey",2
"Blond",2
"Board game",2
"Bookselling",2
"Borage family",2
"Borassus flabellifer",2
"Bread",2
"Caffè americano",2
"Caffeine",2
"Caipirinha",2
"Cake",2
"Caldo de pollo",2
"Campfire",2
"Canyon",2
"Cap",2
"Carpet",2
"Cart",2
"Cartoon",2
"Caving",2
"Cement",2
"Champagne stemware",2
"Check-in",2
"Chef",2
"Chest hair",2
"Chicken meat",2
"Child art",2
"Churrasco food",2
"Coconut water",2
"Coffee table",2
"Colorfulness",2
"Combretaceae",2
"Communication Device",2
"Compact mpv",2
"Composite material",2
"Computer hardware",2
"Convenience food",2
"Cook",2
"Couch",2
"Coupé",2
"Crane",2
"Cream",2
"Crescent",2
"Cruise ship",2
"Cuban espresso",2
"Culinary art",2
"Cupboard",2
"Curtain",2
"Cycling",2
"Daiquiri",2
"Dandelion coffee",2
"Denim",2
"Digital camera",2
"Diner",2
"Display window",2
"Divemaster",2
"Diving equipment",2
"Document",2
"Domestic short-haired cat",2
"Driving",2
"Dry suit",2
"Ear",2
"Earth",2
"Ecoregion",2
"Electric vehicle",2
"Electronic instrument",2
"Elephant",2
"Elephants and Mammoths",2
"Emblem",2
"Enduro",2
"Espresso",2
"Fair",2
"Fan",2
"Fashion design",2
"Fashion illustration",2
"Ferry",2
"Fiction",2
"Figurine",2
"Filing cabinet",2
"Fishmonger",2
"Flash photography",2
"Flat panel display",2
"Flesh",2
"Flyer",2
"Fog",2
"Folk instrument",2
"Footprint",2
"Ford motor company",2
"Freeway",2
"Fried egg",2
"Garden salad",2
"Gown",2
"Granite",2
"Grillades",2
"Grocer",2
"Hammock",2
"Harbor",2
"Horn",2
"Hunting dog",2
"Impatiens",2
"Indian elephant",2
"Individual sports",2
"Intersection",2
"Islet",2
"Italian food",2
"Jacuzzi",2
"Jeans",2
"Kebab",2
"Kids' meal",2
"Kitchen",2
"Knee",2
"Koi",2
"Label",2
"Laptop",2
"Learning",2
"Led display",2
"Lingerie",2
"Liquor store",2
"Lizard",2
"Local food",2
"Loft",2
"Longboard",2
"Luxury yacht",2
"Mackerel",2
"Mansion",2
"Map",2
"Marching",2
"Maritime museum",2
"Meadow",2
"Media",2
"Military camouflage",2
"Military uniform",2
"Mobile phone",2
"Moonlight",2
"Morning glory family",2
"Moss",2
"Motorcycle helmet",2
"Motorcycle racing",2
"Mug",2
"Musical instrument accessory",2
"Nasi goreng",2
"Nasi uduk",2
"Natural arch",2
"Natural foods",2
"Naval architecture",2
"Noodle",2
"Organ",2
"Outdoor grill",2
"Outdoor recreation",2
"Overhead power line",2
"Pacific saury",2
"Paint",2
"Pancit",2
"Parachute",2
"Paragliding",2
"Parasailing",2
"Parking",2
"Parking lot",2
"Pc game",2
"Pelecaniformes",2
"Photobombing",2
"Pickup truck",2
"Pilgrimage",2
"Pineapple",2
"Pint glass",2
"Pipe",2
"Plate lunch",2
"Platter",2
"Plaza",2
"Point-and-shoot camera",2
"Pollution",2
"Pork chop",2
"Port",2
"Portable communications device",2
"Prepackaged meal",2
"Protest",2
"Psychedelic art",2
"Pudding",2
"Pug",2
"Race track",2
"Recreational fishing",2
"Recycling bin",2
"Red flag",2
"Reinforced concrete",2
"Rock fishing",2
"Rose",2
"Running",2
"Sacred lotus",2
"Salted fish",2
"Sashimi",2
"Satay celup",2
"Science",2
"Scuba diving",2
"Seabird",2
"Serveware",2
"Service",2
"Shack",2
"Shopkeeper",2
"Shorebird",2
"Shrubland",2
"Singing",2
"Skateboard",2
"Small appliance",2
"Smoothie",2
"Snow",2
"Soft drink",2
"Soldier",2
"Sour cream",2
"Spaghetti",2
"Sparkler",2
"Sphere",2
"Sport kite",2
"Sport utility vehicle",2
"Sports",2
"Sports equipment",2
"Spring roll",2
"Squirrel",2
"Stele",2
"Street dog",2
"Student",2
"Subway",2
"Sun hat",2
"Superfood",2
"Tabby cat",2
"Tabletop game",2
"Take-out food",2
"Tapa",2
"Tapestry",2
"Thai curry",2
"Thai fried rice",2
"Thermae",2
"Tick",2
"Toilet seat",2
"Top",2
"Tortoise",2
"Toyota innova",2
"Track",2
"Trade",2
"Train",2
"Truck",2
"Trunks",2
"Turban",2
"Underwater diving",2
"Urinal",2
"Walking",2
"Wall lizard",2
"Waste containment",2
"Watch",2
"Wedding reception",2
"Wheat beer",2
"Whipped cream",2
"Whisky",2
"White-collar worker",2
"Whole food",2
"Wine bottle",2
"Woodland",2
"Xylophone",2
"Yellow curry",2
"Adventure",3
"Aegean cat",3
"Air sports",3
"Aircraft cabin",3
"Alley",3
"Ananas",3
"Antique",3
"Arthropod",3
"Artifact",3
"Backlighting",3
"Baking",3
"Balcony",3
"Barbecue grill",3
"Beam",3
"Bedtime",3
"Bicycle part",3
"Bicycle wheel",3
"Boats and boating--Equipment and supplies",3
"Bonfire",3
"Book",3
"Bouquet",3
"Box",3
"Breakwater",3
"Bridge",3
"Bromeliaceae",3
"Bus",3
"Cabinetry",3
"Cable management",3
"Caesar salad",3
"Cage",3
"California-style pizza",3
"Calligraphy",3
"Camera",3
"Camera accessory",3
"Camera lens",3
"Canopy bed",3
"Capellini",3
"Castle",3
"Cestrum",3
"Chinese food",3
"Chopsticks",3
"City car",3
"Classic",3
"Close-up",3
"Collection",3
"Column",3
"Commercial building",3
"Computer monitor",3
"Cooking",3
"Cove",3
"Delicacy",3
"Display case",3
"Dome",3
"Drawer",3
"Drinking",3
"Fishing",3
"Flap",3
"Flip (acrobatic)",3
"Formal wear",3
"Fortification",3
"Four o'clock family",3
"Frozen dessert",3
"Function hall",3
"Gargoyle",3
"Gas",3
"Golf cart",3
"Grocery store",3
"Heron",3
"Highland",3
"Highway",3
"Holy places",3
"Home appliance",3
"House sparrow",3
"Human body",3
"Ikan bakar",3
"Indoor games and sports",3
"Island",3
"Japanese cuisine",3
"Japanese macaque",3
"Jaw",3
"Jumping",3
"Kite",3
"Kitten",3
"Laminate flooring",3
"Lampshade",3
"Lens",3
"Lime",3
"Mai tai",3
"Majorelle blue",3
"Marriage",3
"Mattress",3
"Metropolis",3
"Mexican food",3
"Mid-size car",3
"Model",3
"Music artist",3
"Musical ensemble",3
"Narrow-body aircraft",3
"Nasi campur",3
"Neon",3
"Nepenthes",3
"Oily fish",3
"Packaging and labeling",3
"Paper product",3
"Parasite",3
"Passenger ship",3
"Pavilion",3
"Personal computer",3
"Physical fitness",3
"Picture frame",3
"Pillow",3
"Pizza cheese",3
"Poached egg",3
"Porcelain",3
"Public utility",3
"Publication",3
"Puppy",3
"Reflex camera",3
"Rehearsal dinner",3
"Roasting",3
"Scaled reptile",3
"Seaside resort",3
"Shed",3
"Shopping",3
"Shorts",3
"Shrimp",3
"Single-lens reflex camera",3
"Sleeve",3
"Sparrow",3
"Spinach salad",3
"Spoke",3
"Sports car",3
"Sportswear",3
"Stall",3
"Steel",3
"Sticker",3
"Stone wall",3
"Street sign",3
"Supercar",3
"Supermarket",3
"Sweetness",3
"Tap",3
"Tavern",3
"Toe",3
"Tomb",3
"Tooth",3
"Tour bus service",3
"Toyota",3
"Twig",3
"Vision care",3
"Visual effect lighting",3
"Waist",3
"Wallpaper",3
"Waste container",3
"Water bird",3
"Watercolor paint",3
"Waterfall",3
"Wedding dress",3
"White rice",3
"Windsports",3
"Wine",3
"Winter",3
"Writing",3
"Airport apron",4
"Ale",4
"Animation",4
"Annual plant",4
"appetizer",4
"Arrosticini",4
"Astronomical object",4
"Auto part",4
"Automotive lighting",4
"Barbecue",4
"Barefoot",4
"Barware",4
"Bathing",4
"Bathroom cabinet",4
"Batida",4
"board short",4
"Boulder",4
"Boutique hotel",4
"Brand",4
"Brickwork",4
"Bronze sculpture",4
"Bumper",4
"Cameras & optics",4
"Canopy",4
"Centrepiece",4
"Coconut",4
"Collage",4
"Comfort",4
"Commemorative plaque",4
"Compact car",4
"Competition event",4
"Computer",4
"Crop",4
"Desert Palm",4
"Desk",4
"Downtown",4
"Drinkware",4
"Drums",4
"Electrical supply",4
"Electricity",4
"Electronic engineering",4
"Electronic signage",4
"European shorthair",4
"Facial hair",4
"Fast food restaurant",4
"Fence",4
"Finial",4
"Fish pond",4
"Fisheye lens",4
"Fishing vessel",4
"Flower Arranging",4
"fragrant white water lily",4
"Frappé coffee",4
"Fried chicken",4
"Fur",4
"Grilling",4
"Hacienda",4
"Handrail",4
"Hat",4
"Hawker",4
"Headlamp",4
"Hill",4
"Juice",4
"Lantern",4
"Lawn ornament",4
"Litter",4
"Lotus family",4
"Major appliance",4
"Minivan",4
"Moon",4
"Morning glory",4
"Mountain range",4
"Mountainous landforms",4
"Multimedia",4
"Mythology",4
"Outerwear",4
"Pad thai",4
"Photo caption",4
"Pizza",4
"Plain",4
"Plant stem",4
"Porch",4
"Reservoir",4
"Rim",4
"Runway",4
"Screen",4
"Shadow",4
"Ship",4
"Sleep",4
"Slider",4
"Social group",4
"Stemware",4
"Subcompact car",4
"Symmetry",4
"Thai food",4
"Tints and shades",4
"Toy",4
"Traffic sign",4
"Train station",4
"Undergarment",4
"Underwater",4
"Uniform",4
"Urban design",4
"Van",4
"Venison",4
"Violet",4
"Wakesurfing",4
"Water park",4
"Windshield",4
"Wine glass",4
"Wire",4
"Wood flooring",4
"Wood stain",4
"Abdomen",5
"Automotive wheel system",5
"Baby",5
"Bathroom sink",5
"Bedding",5
"Bicycle",5
"Boardwalk",5
"Bride",5
"Brown",5
"Business",5
"Cocktail garnish",5
"Coffee cup",5
"Concrete",5
"Convenience store",5
"Curry",5
"Cut flowers",5
"Display advertising",5
"Diwali",5
"Electrical wiring",5
"Entertainment",5
"Extreme sport",5
"Finch",5
"Flood",5
"French fries",5
"Garnish",5
"Hamburger",5
"Helmet",5
"Hut",5
"Karedok",5
"Lake",5
"Leaf vegetable",5
"Linens",5
"Maya city",5
"Milkshake",5
"Mirror",5
"Nasi liwet",5
"Pasture",5
"Perching bird",5
"Pest",5
"Plantation",5
"Plywood",5
"Public transport",5
"Raised beach",5
"Rectangle",5
"Reptile",5
"Screenshot",5
"Songbird",5
"Soup",5
"Square",5
"Street fashion",5
"Street performance",5
"String instrument",5
"Vespa",5
"Villa",5
"Waste",5
"Wing",5
"Yakitori",5
"Acrylic paint",6
"Aquatic plant",6
"Bed sheet",6
"Boating",6
"Carnival",6
"Circle",6
"Cocktail",6
"Coffee",6
"Commercial vehicle",6
"Companion dog",6
"Conversation",6
"Elaeis",6
"Escarpment",6
"Eye",6
"Fête",6
"Flag",6
"Flatbread",6
"Foot",6
"frangipani",6
"Graphic design",6
"Groundcover",6
"History",6
"Inflatable",6
"Insect",6
"Invertebrate",6
"Joint",6
"Kite sports",6
"Lager",6
"Meteorological phenomenon",6
"Musical instrument",6
"Neck",6
"New year's eve",6
"Non-alcoholic beverage",6
"Outdoor table",6
"Paper",6
"Passenger",6
"Perennial plant",6
"Pergola",6
"Public event",6
"Rock concert",6
"Sate kambing",6
"Scooter",6
"Sea cave",6
"Shrub",6
"Snack",6
"Sound",6
"Thatching",6
"Toilet",6
"Wheel",6
"Wide-body aircraft",6
"Wildflower",6
"Artwork",7
"Automotive tire",7
"Bougainvillea",7
"Brick",7
"Classical sculpture",7
"Erosion",7
"Family car",7
"Finger food",7
"Flame",7
"Flowerpot",7
"Gazebo",7
"Herb",7
"Japanese architecture",7
"Lawn",7
"Logo",7
"Luxury vehicle",7
"Machine",7
"Motorcycling",7
"Musician",7
"Photo shoot",7
"Pier",7
"Pole",7
"Relief",7
"Sporting Group",7
"Spring break",7
"Staple food",7
"State park",7
"Street food",7
"Style",7
"Tower",7
"Trail",7
"Trunk",7
"water lily",7
"Wedding",7
"Zoo",7
"Automotive design",8
"Bodyboarding",8
"Cemetery",8
"Concert",8
"Display device",8
"Family",8
"Fish products",8
"Floral design",8
"Floristry",8
"Fruit",8
"Full breakfast",8
"Gadget",8
"Graphics",8
"Lighting accessory",8
"Macro photography",8
"National historic landmark",8
"Nonbuilding structure",8
"Poster",8
"Rhesus macaque",8
"Rice",8
"Satay",8
"Selling",8
"Shelving",8
"Sink",8
"Skewer",8
"Still life",8
"Tire",8
"Agriculture",9
"Aqua",9
"Automotive exterior",9
"Baked goods",9
"Banner",9
"Bazaar",9
"Buffet",9
"Cafeteria",9
"Chest",9
"Costume",9
"Drawing",9
"Fire",9
"Food court",9
"Gesture",9
"Grave",9
"Holiday",9
"Park",9
"Patio",9
"Personal protective equipment",9
"Romance",9
"Sidewalk",9
"Stairs",9
"Street light",9
"Tail",9
"Vegetable",9
"Wind",9
"Apartment",10
"Beak",10
"Beer bottle",10
"Dancer",10
"Farm",10
"Field",10
"Forest",10
"Hairstyle",10
"Honeymoon",10
"Long hair",10
"Mixed-use",10
"Outcrop",10
"Outlet store",10
"Paddy field",10
"Pagoda",10
"Silhouette",10
"Steamed rice",10
"Tableware",10
"Toddler",10
"Traffic",10
"Water sport",10
"Whiskers",10
"Arm",11
"Attalea speciosa",11
"Bank",11
"Chair",11
"Dog breed",11
"Flight",11
"Headstone",11
"Heat",11
"Houseplant",11
"Light fixture",11
"Outdoor furniture",11
"Panorama",11
"Pedestrian",11
"Pub",11
"Rainforest",11
"Retail",11
"Salad",11
"Shopping mall",11
"Side dish",11
"Small to medium-sized cats",11
"Space",11
"Sport venue",11
"Still life photography",11
"Sun tanning",11
"Sunlounger",11
"Supper",11
"Watercraft",11
"Bikini",12
"Cave",12
"Cottage",12
"Deck",12
"Disco",12
"Fireworks",12
"Human leg",12
"Landscape lighting",12
"Macaque",12
"Motorcycle",12
"National park",12
"New Years Day",12
"Performance art",12
"Plant community",12
"Shelf",12
"Swimwear",12
"Terrestrial animal",12
"Thigh",12
"Bed",13
"Bedroom",13
"Condominium",13
"Courtyard",13
"Cup",13
"Fawn",13
"Folk dance",13
"Graffiti",13
"Grassland",13
"Hardwood",13
"Interaction",13
"Leisure centre",13
"Primate",13
"Ritual",13
"Road surface",13
"Skimboarding",13
"Snout",13
"Terrestrial plant",13
"Village",13
"Arch",14
"Daylighting",14
"Door",14
"Glass bottle",14
"Human settlement",14
"Lip",14
"Living room",14
"Love",14
"Modern art",14
"Nightclub",14
"Reflecting pool",14
"Shoe",14
"Watercourse",14
"Aerospace engineering",15
"Black hair",15
"Coffeehouse",15
"Cumulus",15
"Dog",15
"Eco hotel",15
"Fast food",15
"Landscaping",15
"Lobby",15
"Mammal",15
"Market",15
"Mouth",15
"Resort town",15
"Shrine",15
"Sign",15
"Vertebrate",15
"Airliner",16
"Airport terminal",16
"Bird",16
"Chinese architecture",16
"Electronics",16
"Eyebrow",16
"Finger",16
"Fish",16
"Magenta",16
"Marketplace",16
"Pattern",16
"Suite",16
"Water feature",16
"Yard",16
"Aviation",17
"Bar",17
"Cape",17
"Dance",17
"Facial expression",17
"Felidae",17
"Line",17
"Plumbing fixture",17
"Pond",17
"Purple",17
"Spring",17
"Street art",17
"Water transportation",17
"World",17
"Branch",18
"Café",18
"Chin",18
"Clothing",18
"Hotel",18
"Metropolitan area",18
"Music",18
"Shoulder",18
"Stock photography",18
"Wilderness",18
"Archaeological site",19
"Beer",19
"Cat",19
"Cheek",19
"Fashion accessory",19
"Fictional character",19
"Footwear",19
"Geology",19
"Headgear",19
"Human",19
"Iron",19
"Mural",19
"People in nature",19
"Product",19
"Seafood",19
"T-shirt",19
"Turquoise",19
"Ancient history",20
"Audience",20
"Barechested",20
"Ceremony",20
"Community",20
"Grass family",20
"Material property",20
"Orange",20
"Surfboard",20
"Tide",20
"Walkway",20
"Wat",20
"Aircraft",21
"Airport",21
"Alcoholic beverage",21
"Bathroom",21
"Bay",21
"Boat",21
"Canidae",21
"Party",21
"Petal",21
"Pink",21
"Standing",21
"Sunglasses",21
"Alcohol",22
"Azure",22
"Boardsport",22
"Botanical garden",22
"Dessert",22
"Play",22
"Surfing Equipment",22
"Tile",22
"Urban area",22
"Air travel",23
"Airline",23
"Airplane",23
"Carnivore",23
"Hand",23
"Land vehicle",23
"Textile",23
"Umbrella",23
"Window",23
"Flowering plant",24
"Fried food",24
"Hill station",24
"Junk food",24
"Lane",24
"Liqueur",24
"Performing arts",24
"Distilled beverage",25
"Dress",25
"Electronic device",25
"Hair",25
"Painting",25
"Public space",25
"Red sky at morning",25
"Team",25
"Thoroughfare",25
"Asphalt",26
"Bight",26
"Bottle",26
"Facade",26
"Organism",26
"Signage",26
"Skin",26
"Tourist attraction",26
"Tradition",26
"Vegetarian food",26
"Youth",26
"À la carte food",27
"Advertising",27
"Design",27
"Fashion",27
"Forehead",27
"Illustration",27
"Music venue",27
"Red",27
"Soil",27
"Surface water sports",27
"Surfing",27
"Wildlife",27
"Caribbean",28
"Eating",28
"Jungle",28
"Monochrome photography",28
"River",28
"Shade",28
"Backyard",29
"Flooring",29
"Glasses",29
"Infrastructure",29
"Land lot",29
"Memorial",29
"Midnight",29
"Muscle",29
"Rural area",29
"Dinner",30
"Geological phenomenon",30
"Stage",30
"Visual arts",30
"Carving",31
"Festival",31
"Mountain",31
"Ruins",31
"Waterway",31
"Eyewear",32
"Games",32
"Monochrome",32
"Yellow",32
"Motor vehicle",33
"Leaf",35
"Nature reserve",35
"Ceiling",36
"Estate",37
"Garden",37
"Glass",37
"Landmark",37
"White",37
"Metal",38
"Neighbourhood",38
"Green",39
"Nose",39
"Black",40
"Head",40
"Residential area",40
"Technology",40
"Text",40
"Snapshot",41
"Black-and-white",42
"Sitting",42
"Sunlight",42
"Town",42
"Wood",42
"Face",43
"Hindu temple",43
"Meat",43
"Beauty",45
"Daytime",45
"Dusk",45
"Happy",45
"Monument",45
"Roof",46
"Terrain",46
"Recipe",47
"Comfort food",50
"Darkness",50
"People on beach",50
"Woody plant",50
"Atmospheric phenomenon",51
"Formation",54
"Friendship",54
"Street",54
"City",55
"Cool",55
"Reflection",55
"Child",56
"Floor",56
"Stone carving",56
"Atmosphere",57
"Leg",57
"Car",58
"Performance",60
"Water resources",60
"Calm",61
"Mode of transport",61
"Photograph",61
"Statue",61
"Place of worship",62
"Adaptation",64
"Blue",64
"Font",64
"Selfie",64
"Afterglow",68
"Transport",69
"Arecales",70
"Crowd",70
"Natural environment",70
"Breakfast",72
"Wind wave",72
"Sculpture",73
"Drink",75
"Tropics",76
"Flower",79
"Sun",82
"Klippe",83
"People",84
"Road",84
"Brunch",85
"Lunch",85
"Smile",85
"Restaurant",87
"Recreation",92
"Table",94
"Swimming pool",95
"Travel",95
"Wall",95
"Headland",100
"Home",100
"Lighting",100
"Vegetation",100
"Light",101
"Produce",102
"Grass",105
"Historic site",107
"Landscape",107
"Promontory",109
"Palm tree",113
"Furniture",116
"Morning",116
"Botany",120
"Sand",129
"Meal",131
"Cliff",133
"Art",141
"Rock",141
"Interior design",146
"Real estate",154
"Resort",157
"Night",170
"Vehicle",171
"Evening",173
"Ingredient",178
"Sunrise",181
"Event",190
"Summer",192
"Nature",194
"Wave",198
"Temple",210
"Natural landscape",213
"Room",217
"Dish",219
"Cuisine",232
"Sunset",240
"Photography",244
"Coastal and oceanic landforms",246
"Food",257
"Property",261
"Body of water",265
"House",265
"Fun",315
"Leisure",316
"Plant",340
"Tourism",365
"Cloud",376
"Shore",389
"Architecture",409
"Horizon",416
"Water",435
"Building",452
"Beach",515
"Coast",564
"Tree",576
"Vacation",607
"Ocean",664
"Sea",898
"Sky",1045
