"GIANYAR","Freq"
"Abalone",1
"Academic conference",1
"Accipitriformes",1
"Acrylic paint",1
"Aegean cat",1
"african grey",1
"Aglais",1
"Agricultural machinery",1
"Air force",1
"Air racing",1
"Air show",1
"Air travel",1
"Aircraft",1
"Airline",1
"Airplane",1
"Album cover",1
"Alexander",1
"Alismatales",1
"Aluminum can",1
"Amaryllis family",1
"Amatriciana sauce",1
"American black bear",1
"American larch",1
"Ammunition",1
"Amphibian",1
"Angel",1
"Animal figure",1
"Animated cartoon",1
"Aqua",1
"Arcade",1
"Arch bridge",1
"Archery",1
"Arctic",1
"Arena",1
"Argiope",1
"Arrosticini",1
"Arsenal",1
"Artisan",1
"Asian soups",1
"Athletic dance move",1
"Athletic shoe",1
"Atlantic spanish mackerel",1
"Audubon's Cottontail",1
"Automotive wheel system",1
"Autumn",1
"Aviation",1
"Avocado",1
"Azure",1
"Backlighting",1
"Bag",1
"Baggage",1
"Bakery",1
"Bakmi",1
"Balcony",1
"Banoffee pie",1
"Banquet",1
"Barbecue",1
"Baseball park",1
"Basil",1
"Basmati",1
"Batchoy",1
"Bathtub",1
"Bayou",1
"Bear",1
"Beer glass",1
"Beige",1
"Bell",1
"bengal clockvine",1
"Beverage can",1
"Bicycle accessory",1
"Bicycle frame",1
"Bicycle motocross",1
"Bicycle tire",1
"Bigoli",1
"Bird-of-paradise",1
"Black cat",1
"Black drink",1
"Black forest cake",1
"Black rhinoceros",1
"Black stork",1
"Black swallowtail",1
"Blister beetles",1
"Blossom",1
"Blow torch",1
"blowflies",1
"Bmw",1
"Bmx bike",1
"Boa",1
"Boa constrictor",1
"Boar",1
"board short",1
"Boardsport",1
"Bodyboarding",1
"Bone",1
"Bony-fish",1
"Bougainvillea",1
"Boutique hotel",1
"Bowed string instrument",1
"Bowl",1
"Boza",1
"Brain",1
"Braising",1
"Brassiere",1
"Brickwork",1
"Bridal party dress",1
"Brimstones",1
"Broomrape",1
"Brown Pelican",1
"Bucatini",1
"Bucket",1
"Bull and terrier",1
"Bull terrier",1
"Bumper",1
"Bun",1
"Bunk bed",1
"Bunker",1
"Cabbage butterfly",1
"Cake decorating",1
"Calçot",1
"California-style pizza",1
"Calm",1
"Camera",1
"Cameras & optics",1
"Camouflage",1
"Candle holder",1
"Capellini",1
"Caper",1
"Caramel",1
"Carbonara",1
"Carbonated soft drinks",1
"Card game",1
"Carmine",1
"Carnivorous plant",1
"Carpet",1
"Cash",1
"Cathedral",1
"Cattleya labiata",1
"Cavalier king charles spaniel",1
"Cavaquinho",1
"Caving",1
"Cecina",1
"Ceiling fan",1
"Ceiling fixture",1
"Cervelle de canut",1
"Ceviche",1
"Cg artwork",1
"Chalk",1
"Championship",1
"Chartreux",1
"Cheering",1
"Cheesecake",1
"Chest of drawers",1
"Chicken",1
"Child art",1
"Chimichanga",1
"Chopper",1
"Chow chow",1
"Chow mein",1
"Chowder",1
"Christmas",1
"Christmas decoration",1
"Christmas tree",1
"Chute",1
"Circuit breaker",1
"Circus",1
"Clam chowder",1
"Class",1
"Classical architecture",1
"Classroom",1
"Claw",1
"Cleanliness",1
"Clergy",1
"Club",1
"Cob",1
"Cobalt blue",1
"Coca-cola",1
"Cockatiel",1
"Cocoa bean",1
"Coddle",1
"Coffee table",1
"Cola",1
"Colubridae",1
"Competition",1
"Computer desk",1
"Computer keyboard",1
"Computer monitor",1
"Concert",1
"Conference hall",1
"Conifer",1
"Conquistador",1
"Consommé",1
"Construction",1
"Convenience store",1
"Convention",1
"Cookie",1
"Cookies and crackers",1
"Cooking plantain",1
"Corn chowder",1
"Costus family",1
"Coucal",1
"Countertop",1
"Coupé",1
"Cowboy hat",1
"Craft",1
"Crème fraîche",1
"Cricket",1
"Cricket-like insect",1
"Crochet",1
"Croissant",1
"Crown",1
"Crudités",1
"Cuckoo",1
"Culinary art",1
"Currency",1
"Cyclamen",1
"Cylinder",1
"Cypripedium",1
"Dai pai dong",1
"dandelion",1
"Daphne",1
"Dark 'n' stormy",1
"Dawn",1
"Degu",1
"Dhole",1
"Dinosaur",1
"Dirt road",1
"Display advertising",1
"Display device",1
"Display window",1
"Diwali",1
"Dogwood family",1
"Domestic long-haired cat",1
"Domestic rabbit",1
"Domesticated turkey",1
"Dondurma",1
"Doogh",1
"Door handle",1
"Dragon li",1
"Dragon lizard",1
"Driftwood",1
"Driving",1
"Earl grey tea",1
"Eastern Cottontail",1
"Edible mushroom",1
"Egg",1
"Egret",1
"Elapidae",1
"Electronic instrument",1
"Electronics",1
"Embroidery",1
"Entertainment",1
"Eumenidae",1
"Falcon",1
"Falconiformes",1
"Fedora",1
"Fettuccine",1
"Fiambre",1
"Filmjölk",1
"Financier",1
"Fines herbes",1
"Fireworks",1
"Fish and chips",1
"Fisherman",1
"Fisheye lens",1
"Fishing",1
"Flag",1
"Flamenco",1
"Flight",1
"Flip-flops",1
"Floodplain",1
"Flourless chocolate cake",1
"Flyer",1
"Fodder",1
"Fog",1
"Food group",1
"Forage fish",1
"Ford",1
"Ford escape",1
"Forge",1
"Four o'clock family",1
"Fox terrier",1
"Fra diavolo sauce",1
"frangipani",1
"Frappé coffee",1
"French fries",1
"Fuel tank",1
"Full-size car",1
"Full moon",1
"Galaxy",1
"Ganache",1
"Garden roses",1
"Garden salad",1
"Gardener",1
"Gelatin dessert",1
"German spitz",1
"Ghee",1
"Giant Swallowtail",1
"Glutinous rice",1
"Gnocchi",1
"Goat meat",1
"Goggles",1
"Gold",1
"Goldenrod",1
"Gong",1
"Gown",1
"Grain",1
"Gramophone record",1
"Grandparent",1
"Grasshopper",1
"Grattachecca",1
"Great dane",1
"Great egret",1
"Great horned owl",1
"Great Spangled Fritillary",1
"Gremolata",1
"Grilling",1
"Grocer",1
"Guacamole",1
"Gun",1
"Hair coloring",1
"Hamburger",1
"Hammock",1
"Hamper",1
"Hand luggage",1
"Handrail",1
"Hardtop",1
"Hare",1
"Harp",1
"Head restraint",1
"Headstone",1
"heater",1
"Helicopter",1
"Hemp family",1
"Heron",1
"Highball",1
"Highway",1
"Hollandaise sauce",1
"Home accessories",1
"Home door",1
"Home fries",1
"Honeymoon",1
"Hoodie",1
"Hostel",1
"Hot dry noodles",1
"Hot spring",1
"Hotel",1
"Hunting dog",1
"Hybrid bicycle",1
"Ice cream cone",1
"Icing",1
"Icon",1
"Ikebana",1
"Incandescent light bulb",1
"Indian rhinoceros",1
"Jacket",1
"Jarana jarocha",1
"Jewel bugs",1
"Jewellery",1
"Job",1
"Jogging",1
"Jumping",1
"Kai yang",1
"Kamikaze",1
"Kandyan dance",1
"Kei truck",1
"Key lime",1
"Key lime pie",1
"Kids' meal",1
"Kilt",1
"Kindergarten",1
"Kinkajou",1
"Knitting",1
"Korat",1
"Krupuk",1
"Kuchen",1
"Lacustrine plain",1
"lady tulip",1
"Lamian",1
"Lampides",1
"Lantern",1
"Laotian cuisine",1
"Laptop part",1
"Lasiommata",1
"Latte",1
"Laulau",1
"Leek",1
"Leek soup",1
"Legume",1
"Lei",1
"Lens flare",1
"Lentil",1
"Leptidea",1
"Leptidea sinapis",1
"Light bulb",1
"Lily",1
"Lime",1
"Limeade",1
"Line art",1
"Lineman",1
"Lingerie",1
"Litter",1
"Lo mein",1
"Locket",1
"Locust",1
"Log cabin",1
"Long-tailed Blue",1
"Longboard",1
"Loom",1
"Lower Keys Marsh Rabbit",1
"Luggage and bags",1
"Lumpia",1
"Lycaena",1
"Magazine",1
"Magnolia",1
"Mahi Mahi",1
"Malagueta pepper",1
"Mallard",1
"Mallow family",1
"Manakish",1
"Manduca sexta",1
"Map",1
"Marmoset",1
"Maroon",1
"Martini",1
"Masala",1
"Massively multiplayer online role-playing game",1
"Mast",1
"Matoke",1
"Mattress",1
"Maze",1
"Media",1
"Meeting",1
"Mercedes-benz",1
"Mercedes-benz w108",1
"Mercedes-benz w111",1
"Metallophone",1
"Metropolis",1
"Meze",1
"Mid-size car",1
"Middle ages",1
"Military camouflage",1
"Milk punch",1
"Milkfish",1
"Milkshake",1
"Milksnake",1
"Milky way",1
"Mineral spring",1
"Miniature",1
"Minidisc",1
"Mining",1
"Mint julep",1
"Mixed grill",1
"Mochi",1
"Modern dance",1
"Moisture",1
"Molding",1
"Momordica charantia",1
"Money",1
"Money handling",1
"Moon",1
"Mooncake",1
"Moonlight",1
"Mortar and pestle",1
"Mosaic",1
"Mosquito net",1
"Motorcycle fairing",1
"Mountain Cottontail",1
"Mouse",1
"Mousse",1
"Multimedia",1
"Music artist",1
"Nachos",1
"Nasi goreng",1
"Nativity scene",1
"Navel",1
"Navy",1
"Nebelung",1
"Nem rán",1
"Neon",1
"Netbook",1
"New year",1
"New year's eve",1
"News",1
"Non-dairy creamer",1
"Noodle soup",1
"Nordic walking",1
"Novel",1
"Nuncio",1
"Oak",1
"Off-road vehicle",1
"Off-roading",1
"Okara",1
"Omelette",1
"Onion",1
"Opera",1
"Orator",1
"Orb-weaver spider",1
"Organization",1
"Origami",1
"Ornament",1
"Otter",1
"Outdoor recreation",1
"Outer space",1
"Outlet store",1
"Overhead power line",1
"Ox",1
"Oxbow lake",1
"Oxtail soup",1
"Palace",1
"Pan-bagnat",1
"Pancake",1
"Panna cotta",1
"Pannekoek",1
"Papilio",1
"Pappardelle",1
"Paprika",1
"Parallel",1
"Parasite",1
"Parmigiana",1
"Party supply",1
"Passenger",1
"Passion fruit juice",1
"Pasta",1
"Paste",1
"Pastry chef",1
"Patterdale terrier",1
"Paw",1
"Pea soup",1
"Peafowl",1
"Pekingese",1
"Pembroke welsh corgi",1
"Pendant",1
"Penne",1
"Peony",1
"Percussion",1
"Persian",1
"Persillade",1
"Phat si io",1
"Pho",1
"Phragmites",1
"Pici",1
"Piciformes",1
"Pie",1
"Pilates",1
"Pilgrims",1
"Pillow",1
"Pineapple",1
"Pink lady",1
"Pinscher",1
"Pint",1
"Pit cave",1
"Pizza cheese",1
"Plaid",1
"Plastic bottle",1
"Platter",1
"Plaza",1
"Poached egg",1
"Pom-pom",1
"Poodle",1
"Pop music",1
"Pope",1
"Pray",1
"Predation",1
"Printmaking",1
"Projection screen",1
"Protest",1
"Psychedelic art",1
"Public speaking",1
"Puddle",1
"Pumpernickel",1
"Pumpkin",1
"Puppy",1
"Race track",1
"Radish",1
"Ranch",1
"Rebana",1
"Record player",1
"Recreational fishing",1
"Red onion",1
"Religious item",1
"Restroom",1
"Rhinoceros",1
"Ringlet",1
"Riodinidae",1
"Risotto",1
"Ristretto",1
"Road bicycle",1
"Roar",1
"Roasting",1
"Rock concert",1
"Rocking chair",1
"Romaine lettuce",1
"Romance",1
"Rooster",1
"Root vegetable",1
"Rope",1
"Rose",1
"Rose family",1
"Rotorcraft",1
"Rutabaga",1
"Sachertorte",1
"Safari",1
"Salak",1
"Salt-cured meat",1
"Saltimbocca",1
"Samba",1
"Sandal",1
"Sandwich",1
"Sandwich Cookies",1
"Sate kambing",1
"Saucer",1
"Savanna",1
"Scallion",1
"Scampi",1
"Scaphosepalum",1
"Scrap",1
"Screen",1
"Seahorse",1
"Seasoning",1
"Security lighting",1
"Sedan",1
"Semifreddo",1
"Serrano pepper",1
"Shadow",1
"Shallot",1
"Shaolin kung fu",1
"Shed",1
"Shinto shrine",1
"Shot glass",1
"Shotgun",1
"Shrimp",1
"Siam tulip",1
"Silhouette",1
"Singapore sling",1
"Siu yeh",1
"Skateboard",1
"Skull",1
"Slate",1
"Sleeve",1
"Slider",1
"Slipper",1
"Slush",1
"Soba",1
"Solanum",1
"Soto ayam",1
"Sparkler",1
"Spice rack",1
"Spicebush Swallowtail",1
"Spinach salad",1
"Spire",1
"Spoke",1
"Spoon",1
"Spoonbill",1
"Sports drink",1
"Spring greens",1
"Squirrel",1
"Stained glass",1
"Stallion",1
"Star",1
"Steak",1
"Steel",1
"Straw",1
"Stream bed",1
"Street dog",1
"Street sign",1
"studio couch",1
"Stunt",1
"Stunt performer",1
"Sumatran rhinoceros",1
"Sun hat",1
"Supermoto",1
"Supernatural creature",1
"Surface water sports",1
"Surfboard",1
"Surfing",1
"Surfing Equipment",1
"Suspension bridge",1
"Suzuki sj",1
"Swan",1
"Swimwear",1
"Swing",1
"Symbol",1
"Synagogue",1
"T'ai chi ch'uan",1
"Taco",1
"Tagliatelle",1
"Take-out food",1
"Taquito",1
"Tasmanian devil",1
"Taste",1
"Tea",1
"Tea set",1
"Teal",1
"Team sport",1
"Teleconverter",1
"Teriyaki",1
"Terrier",1
"Thai fried rice",1
"Thermokarst",1
"Thumb",1
"Ticket",1
"Tide",1
"Tin",1
"Tin can",1
"Tints and shades",1
"Toilet",1
"Tomb",1
"Tool",1
"Tooth",1
"Torii",1
"Torte",1
"Tortilla chip",1
"Tostada",1
"Totopo",1
"Touchpad",1
"Traditional japanese musical instruments",1
"Traditional korean musical instruments",1
"Traffic congestion",1
"Training",1
"tree mallow",1
"Tribal chief",1
"Tributary",1
"Trophy",1
"Tuber",1
"Tundra",1
"Turkey Vulture",1
"Turkish delight",1
"Ukulele",1
"Ultramarathon",1
"Undergarment",1
"Universe",1
"Variegated Fritillary",1
"Vegan nutrition",1
"Vegetable juice",1
"Vespa",1
"Vestment",1
"Viennoiserie",1
"Vine",1
"Vintage car",1
"Vodka",1
"Wakame",1
"Wallet",1
"Water transportation",1
"Water well",1
"Weaving",1
"Welsh onion",1
"Wheat beer",1
"Whipped cream",1
"White pine",1
"White rhinoceros",1
"Wild turkey",1
"Wind instrument",1
"Wine",1
"Wine bottle",1
"Winter melon punch",1
"Wire hair fox terrier",1
"Wolf",1
"Wonton noodles",1
"Woo woo",1
"wood rabbit",1
"Wool",1
"Woolen",1
"Wrist",1
"Writing",1
"Xylophone",1
"Yellow onion",1
"Yi mein",1
"Yucca",1
"zedoary",1
"Zipper",1
"Ale",2
"Altar",2
"American alligator",2
"American crocodile",2
"Animation",2
"Artist",2
"Athlete",2
"Athletics",2
"Automotive design",2
"Backpack",2
"Bacon",2
"Bake sale",2
"Bathroom",2
"Bean",2
"Bedding",2
"Bench",2
"Bird's eye chili",2
"Bird feeder",2
"Bird of prey",2
"Birth",2
"Blackboard",2
"Block party",2
"Blue-collar worker",2
"Bombyx mori",2
"Borassus flabellifer",2
"Brand",2
"Brass",2
"Breakfast sandwich",2
"Bride",2
"Buttercream",2
"Cabinetry",2
"Café au lait",2
"Caffè americano",2
"Caffeine",2
"Calf",2
"Calligraphy",2
"Camera accessory",2
"Camera lens",2
"Candle",2
"Candy corn",2
"Cap",2
"Caribbean",2
"Carousel",2
"Cave",2
"Cayenne pepper",2
"Celestial event",2
"Centrepiece",2
"Chaas",2
"Chapel",2
"Chef",2
"Chest hair",2
"Chili pepper",2
"Chinese herb tea",2
"Chinese hibiscus",2
"Chocolate brownie",2
"Chopsticks",2
"Christmas eve",2
"Christmas Orchid",2
"Christmas ornament",2
"Church",2
"Circle",2
"Collage",2
"Combretaceae",2
"Comfort",2
"Competition event",2
"Contact sport",2
"cooktown orchid",2
"Cookware and bakeware",2
"Cow-goat family",2
"Cream of mushroom soup",2
"Cross",2
"Curcuma",2
"Curtain",2
"Daiquiri",2
"Dandelion coffee",2
"Dastar",2
"Day dress",2
"Deer",2
"Denim",2
"Desk",2
"Desktop computer",2
"Disco",2
"Dishware",2
"Domestic pig",2
"Domestic short-haired cat",2
"Downtown",2
"Dragon",2
"Drama",2
"Ducks, geese and swans",2
"earthenware",2
"Elbow",2
"Elder",2
"Electrical supply",2
"Electrical wiring",2
"Electricity",2
"Electronic component",2
"Espresso",2
"European shorthair",2
"Exhibition",2
"Extreme sport",2
"Fern",2
"Fin",2
"Finch",2
"Firefighter",2
"Flamiche",2
"Flash photography",2
"Flightless bird",2
"Flip (acrobatic)",2
"Folk instrument",2
"four-poster",2
"Fowl",2
"Fried egg",2
"Fried noodles",2
"Function hall",2
"Gadget",2
"Gamelan",2
"Gelato",2
"Ginger family",2
"Golden retriever",2
"Granite",2
"Guard dog",2
"Guru",2
"Hall",2
"Harvest",2
"Headlamp",2
"Helmet",2
"Heracleum (plant)",2
"Hibiscus",2
"Highball glass",2
"Holiday",2
"Hood",2
"Horse",2
"Hug",2
"Iguanidae",2
"Impatiens",2
"Iris",2
"Ivy",2
"Java coffee",2
"Jaw",2
"Kangaroo",2
"Kingsnake",2
"Kitchen & dining room table",2
"Koala",2
"Kopi tubruk",2
"Lager",2
"Lagoon",2
"Lampshade",2
"Laptop",2
"Leaf beetle",2
"Lechon",2
"Lechona",2
"Lemonsoda",2
"Lens",2
"Lime juice",2
"Limestone",2
"Limonana",2
"Lion",2
"Livestock",2
"Loch",2
"Loft",2
"Luffa",2
"Lumber",2
"Macropodidae",2
"Mai tai",2
"Majorelle blue",2
"Malvales",2
"Manchester terrier",2
"Mansion",2
"Marching band",2
"Marine iguana",2
"Marsh",2
"Mask",2
"Masonry oven",2
"Mediterranean food",2
"Melanargia",2
"Menu",2
"Meteorological phenomenon",2
"Mineral",2
"Mineral water",2
"Mojito",2
"Monarch butterfly",2
"Mongolian food",2
"Monk",2
"Monstera deliciosa",2
"Motorcycle helmet",2
"Mud",2
"Mushroom",2
"Musical theatre",2
"Nail",2
"Nameplate",2
"Nectar",2
"Number",2
"Nymphalis",2
"Optical instrument",2
"Outdoor structure",2
"Owl",2
"Pancit",2
"Papaya",2
"Parsley family",2
"Peach palm",2
"Peperoncini",2
"Personal computer",2
"Phalaenopsis sanderiana",2
"Pieridae",2
"Pig roast",2
"Pint glass",2
"Pipe",2
"Pizza",2
"Plane",2
"Plastic wrap",2
"Pollution",2
"Polyphemus moth",2
"Porcelain",2
"Pottery",2
"Present",2
"Presentation",2
"Rabbit",2
"Rabbits and Hares",2
"Rain",2
"Reading",2
"Rectangle",2
"Retriever",2
"Rice noodles",2
"Rigatoni",2
"Rim",2
"Ring-necked pheasant",2
"River delta",2
"Road cycling",2
"Rock dove",2
"Rum swizzle",2
"Salt water taffy",2
"Sashimi",2
"Satay",2
"Scene",2
"Self-portrait",2
"Seminar",2
"Serpent",2
"Shelving",2
"Shih tzu",2
"Sibling",2
"Silver",2
"Sketch",2
"Smoking",2
"Smooth Greensnake",2
"Spaghetti",2
"Sports equipment",2
"Stadium",2
"Steeple",2
"Stew",2
"Stock dove",2
"Stork",2
"Street stunts",2
"Suburb",2
"Suckling pig",2
"Suidae",2
"Sulphur-crested cockatoo",2
"Sundae",2
"Sweet grass",2
"Tabasco pepper",2
"Tabby cat",2
"Taffy",2
"Talent show",2
"Tarte flambée",2
"Texas longhorn",2
"Theatrical property",2
"Thread",2
"Tiple",2
"Toucan",2
"Toy dog",2
"Toyota innova",2
"Traffic sign",2
"Transparent material",2
"Tree stump",2
"Triangle",2
"Tulip",2
"Turkey",2
"Underwater",2
"Urn",2
"Van",2
"Vanessa (butterfly)",2
"Vanessa atalanta",2
"Velouté sauce",2
"Vernissage",2
"Vietnamese food",2
"Waterfowl",2
"Wheel",2
"White-fronted capuchin",2
"Wildlife biologist",2
"Wind wave",2
"Window treatment",2
"Winter",2
"Wire",2
"Wood flooring",2
"Woven fabric",2
"Zingiberales",2
"Acoustic guitar",3
"Action-adventure game",3
"Aerial photography",3
"Alligator",3
"Anthurium",3
"Antique",3
"Antique car",3
"Arachnid",3
"Art exhibition",3
"Artificial flower",3
"Ash",3
"Baby carriage",3
"Baby Products",3
"Baking",3
"Banana leaf",3
"Barware",3
"Basket",3
"Batida",3
"Bell peppers and chili peppers",3
"Bikini",3
"Bird's-eye view",3
"bird of paradise",3
"Blessing",3
"Bombycidae",3
"Bottled water",3
"Brown",3
"Brown hair",3
"Bull",3
"Camp",3
"Canna family",3
"Cartoon",3
"Cattleya",3
"Ceramic",3
"Chandelier",3
"Chocolate cake",3
"Chrysopogon zizanioides",3
"Classic cocktail",3
"Cockatoo",3
"Coconut water",3
"Commercial vehicle",3
"Common chimpanzee",3
"Compact sport utility vehicle",3
"Computer",3
"Confectionery",3
"Cook",3
"Corpse reviver",3
"Cream",3
"Crocodilia",3
"Cycling",3
"Dairy",3
"Damselfly",3
"Demon",3
"Demonstration",3
"Dobermann",3
"Drinking water",3
"Duck",3
"Ferns and horsetails",3
"Fiction",3
"Finial",3
"Flagstone",3
"Flatbread",3
"Fly",3
"Formal wear",3
"Fountain",3
"fragrant white water lily",3
"Freshwater marsh",3
"Fruit tree",3
"Gate",3
"Gift basket",3
"Glass bottle",3
"Grazing",3
"Green iguana",3
"Grocery store",3
"Guenon",3
"Guitarist",3
"Hacienda",3
"Half marathon",3
"Horn",3
"Iguana",3
"Iguania",3
"Ikan bakar",3
"Individual sports",3
"Italian soda",3
"Jeans",3
"Label",3
"Lace",3
"Laminate flooring",3
"langur",3
"Learning",3
"Linens",3
"Log bridge",3
"Machine",3
"Marble",3
"Marriage",3
"Membranophone",3
"Mesh",3
"Mie goreng",3
"Minivan",3
"Miridae",3
"Mishloach manot",3
"Monastery",3
"Moth Orchid",3
"Moustache",3
"Muridae",3
"Muroidea",3
"Musical",3
"Nightclub",3
"Nile crocodile",3
"Noodle",3
"Old fashioned glass",3
"Orangutan",3
"Pad thai",3
"Passion flower",3
"Passion flower family",3
"Pastry",3
"patas",3
"Perching bird",3
"Photo caption",3
"Pigeons and doves",3
"Plate lunch",3
"Plumbing fixture",3
"Prairie",3
"Red sky at morning",3
"Rite",3
"Rubble",3
"Russian blue",3
"Saltwater crocodile",3
"Sand",3
"Shelf",3
"Smoothie",3
"Souvenir",3
"Spider web",3
"Sport venue",3
"Sportswear",3
"Stairs",3
"Still life",3
"Street dance",3
"Subcompact car",3
"Subshrub",3
"Sun",3
"Swamp",3
"Symmetry",3
"Tablecloth",3
"Tachinidae",3
"Tartan",3
"Thermae",3
"Ti plant",3
"Tiki",3
"Top",3
"Toyota avanza",3
"Truck",3
"Tufted capuchin",3
"Tunnel",3
"Vase",3
"Vehicle door",3
"Vehicle registration plate",3
"Violet",3
"Vision care",3
"Waist",3
"Wallaby",3
"Water bottle",3
"Water park",3
"Wine glass",3
"Worship",3
"Wrinkle",3
"Adventure game",4
"Astronomical object",4
"Audience",4
"Bamboo",4
"Banana",4
"Bed frame",4
"Beetle",4
"Bengal tiger",4
"Bia hoi",4
"Bicycle",4
"Bronze",4
"Bronze sculpture",4
"Bug",4
"Canna lily",4
"Cash crop",4
"Champagne stemware",4
"Chocolate",4
"Classic car",4
"Compact car",4
"Costume design",4
"Crocodile",4
"Crossover suv",4
"Cuculiformes",4
"Cumulus",4
"Deck",4
"Ensete",4
"Fair",4
"Feather",4
"Fell",4
"Fen",4
"Fish products",4
"Foot",4
"Gargoyle",4
"Gravel",4
"Hat",4
"Haze",4
"Ice cream",4
"Komodo dragon",4
"Lighting accessory",4
"Long-distance running",4
"Love",4
"Luxury vehicle",4
"Maine coon",4
"Mini SUV",4
"Monitor lizard",4
"Museum",4
"Net",4
"Non-Sporting Group",4
"Northern hardwood forest",4
"Norwegian forest cat",4
"Orange",4
"Outdoor table",4
"Outerwear",4
"Panorama",4
"Parking",4
"Path",4
"Pavilion",4
"Peking opera",4
"Pergola",4
"Personal protective equipment",4
"Phasianidae",4
"Pheasant",4
"Pilgrimage",4
"Pine family",4
"Plant pathology",4
"Plate",4
"Pollen",4
"Pudding",4
"Rat",4
"Red bugs",4
"Reservoir",4
"Ridge",4
"Sculptor",4
"Seed",4
"Shopkeeper",4
"Shopping",4
"Shorts",4
"Shrubland",4
"Siberian tiger",4
"Snake",4
"Spice",4
"Spider",4
"Spitz",4
"Sports",4
"Stemware",4
"Still life photography",4
"Swallowtail butterfly",4
"Tapestry",4
"Thermal bath",4
"Tiger",4
"Tire",4
"Toyota",4
"Turkish coffee",4
"Uniform",4
"Varanidae",4
"Wetland",4
"Wood stain",4
"Working animal",4
"African elephant",5
"American painted lady",5
"Ankle",5
"Automotive lighting",5
"Automotive tire",5
"Back",5
"Banner",5
"Beam",5
"Bed sheet",5
"Big cats",5
"Boutique",5
"Bovine",5
"Bromeliaceae",5
"Cake",5
"Canopy bed",5
"Caterpillar",5
"City car",5
"Classic",5
"Coast",5
"Collection",5
"Compact mpv",5
"Concrete",5
"Curry",5
"Diner",5
"Dining room",5
"Dragonflies and damseflies",5
"Dragonfly",5
"Drinking",5
"Drum",5
"Ecoregion",5
"Electric blue",5
"Flea market",5
"Full breakfast",5
"Goldfish",5
"Graphics",5
"Grove",5
"Guitar",5
"Hair accessory",5
"Heliconia",5
"Idiophone",5
"Indian cuisine",5
"Kimono",5
"Kitten",5
"Lamp",5
"Landscape lighting",5
"Larva",5
"Line",5
"Logo",5
"Marine biology",5
"Masque",5
"Material property",5
"Membrane-winged insect",5
"Mid-autumn festival",5
"Mixed-use",5
"moth orchid",5
"Motorcycle accessories",5
"Mountain range",5
"Outcrop",5
"Perico",5
"Picnic",5
"Picture frame",5
"Plucked string instruments",5
"Pomeranian",5
"Poster",5
"Redwood",5
"Scooter",5
"Shore",5
"State park",5
"Steamed rice",5
"Street light",5
"Superfood",5
"Trade",5
"Villa",5
"Watercolor paint",5
"Wave",5
"White rice",5
"Windshield",5
"Alley",6
"Amusement ride",6
"Animal shelter",6
"Annual plant",6
"appetizer",6
"Art gallery",6
"Beard",6
"Boardwalk",6
"Brick",6
"Chainsaw carving",6
"Chinese new year",6
"Choreography",6
"Ciconiiformes",6
"Cobblestone",6
"Cocktail garnish",6
"Coffee",6
"Coffee cup",6
"Column",6
"Coraciiformes",6
"Daylighting",6
"emperor moths",6
"Family car",6
"Farmer",6
"Farmworker",6
"Fête",6
"Fireplace",6
"Geology",6
"Graphic design",6
"Lip",6
"lorikeet",6
"Marathon",6
"Meadow",6
"Memorial",6
"Metropolitan area",6
"Mist",6
"Motorcycling",6
"Nasi liwet",6
"Non-vascular land plant",6
"Pagoda",6
"Pebble",6
"People in nature",6
"Perennial plant",6
"Resort town",6
"Rodent",6
"Screenshot",6
"Sport utility vehicle",6
"Street performance",6
"Swimming",6
"Tower",6
"Turban",6
"Urban area",6
"Water bird",6
"White Pelican",6
"Artifact",7
"Automotive window part",7
"Bathing",7
"Beach",7
"Bedrock",7
"Bouquet",7
"Buffet",7
"Canal",7
"Canopy walkway",7
"Chest",7
"Chinese food",7
"Conversation",7
"Cooking",7
"Delicacy",7
"Dendrobium",7
"Drinkware",7
"Exercise",7
"Fashion design",7
"Feeder fish",7
"Figurine",7
"Friendship",7
"Galliformes",7
"Gesture",7
"Greengrocer",7
"Hornbill",7
"Interaction",7
"Italian food",7
"Lobby",7
"Lovebird",7
"Marsupial",7
"Meditation",7
"Music venue",7
"Net-winged insects",7
"Pelecaniformes",7
"Pelican",7
"Portrait",7
"Religious institute",7
"Retail",7
"Rice",7
"Running",7
"Seabird",7
"Seafood",7
"Serveware",7
"Soup",7
"Square",7
"Street fashion",7
"Toy",7
"Turquoise",7
"Abdomen",8
"Banana family",8
"Blond",8
"Bottle",8
"Coconut",8
"Companion dog",8
"Cut flowers",8
"Ear",8
"Eyebrow",8
"Fast food restaurant",8
"Food court",8
"Graffiti",8
"History",8
"Light fixture",8
"Lycaenid",8
"Medieval architecture",8
"Moss",8
"Music",8
"Ocean",8
"Orchids of the philippines",8
"Patio",8
"Pc game",8
"Shade",8
"Sidewalk",8
"Standing",8
"Thai food",8
"Thigh",8
"Yoga",8
"Adventure",9
"Amusement park",9
"Boulder",9
"Cafeteria",9
"Cynthia (subgenus)",9
"Document",9
"Eye",9
"Facial hair",9
"Fast food",9
"Hearth",9
"Juice",9
"Junk food",9
"Leisure centre",9
"Lizard",9
"Mountainous landforms",9
"Musician",9
"Outdoor furniture",9
"Park",9
"Pasture",9
"Plain",9
"Social group",9
"Space",9
"String instrument",9
"Suite",9
"Taiwanese opera",9
"Traffic",9
"Waste",9
"Afterglow",10
"Alcohol",10
"Artwork",10
"Business",10
"Clothing",10
"Facial expression",10
"Formation",10
"Frozen dessert",10
"Garnish",10
"Leaf vegetable",10
"Living room",10
"Lotus",10
"Modern art",10
"Nepenthes",10
"Orchid",10
"Porch",10
"Road surface",10
"Salad",10
"Smoke",10
"Sporting Group",10
"Street art",10
"Thoroughfare",10
"Walking",10
"Advertising",11
"Bigtree",11
"Cage",11
"Chin",11
"Cup",11
"Elephants and Mammoths",11
"Fruit",11
"Fur",11
"Groundcover",11
"Hardwood",11
"Headpiece",11
"Human leg",11
"Indian elephant",11
"Koi",11
"Lake",11
"Non-alcoholic beverage",11
"Paper product",11
"Physical fitness",11
"Riparian zone",11
"Sacred lotus",11
"Stage",11
"Strategy video game",11
"Sweetness",11
"Thatching",11
"Tile",11
"Twig",11
"Vascular plant",11
"Whiskers",11
"Woodland",11
"Chair",12
"Cheek",12
"Daytime",12
"Electronic device",12
"Fried food",12
"Lane",12
"National park",12
"Pole",12
"Shack",12
"Sign",12
"Stall",12
"Stone wall",12
"Whole food",12
"Wildfire",12
"Beer",13
"Elephant",13
"Family",13
"Gas",13
"Iron",13
"Midnight",13
"Mural",13
"Pest",13
"Root",13
"Side dish",13
"Snack",13
"Staple food",13
"Temporary tattoo",13
"Arthropod",14
"Bank",14
"Bedroom",14
"Coffeehouse",14
"Courtyard",14
"Flower Arranging",14
"Hairstyle",14
"Hut",14
"Lawn",14
"Long hair",14
"Marching",14
"Moth",14
"Musical instrument",14
"Natural foods",14
"Photo shoot",14
"Purple",14
"Small to medium-sized cats",14
"Supper",14
"T-shirt",14
"Trail",14
"Wing",14
"Automotive exterior",15
"Baby",15
"Baked goods",15
"Bed",15
"Bridge",15
"Finger food",15
"Flesh",15
"Gazebo",15
"Glass",15
"Herb",15
"Liqueur",15
"Maya city",15
"Paper",15
"Red",15
"Reflecting pool",15
"Sea",15
"Shoe",15
"Sunglasses",15
"Cat",16
"Cocktail",16
"Dog breed",16
"Drawing",16
"Dusk",16
"Eco hotel",16
"Lotus family",16
"Meat",16
"Parade",16
"Product",16
"Scaled reptile",16
"water lily",16
"Youth",16
"À la carte food",17
"Asphalt",17
"Barechested",17
"Budgie",17
"Classical sculpture",17
"Dinner",17
"Dog",17
"Explosion",17
"Finger",17
"Flowerpot",17
"Games",17
"Hill",17
"Human body",17
"Japanese macaque",17
"Kung fu",17
"Muscle",17
"Sari",17
"Signage",17
"Technology",17
"Auto part",18
"Fish pond",18
"Infrastructure",18
"Motorcycle",18
"Shrub",18
"Tableware",18
"Umbrella",18
"Wildflower",18
"Blue",19
"Close-up",19
"Land vehicle",19
"Magenta",19
"Nonbuilding structure",19
"Stream",19
"Street food",19
"Style",19
"Tribe",19
"Bonfire",20
"Campfire",20
"Fish",20
"Landmark",20
"Neighbourhood",20
"Tattoo",20
"Design",21
"Fashion",21
"Fawn",21
"Footwear",21
"Hair",21
"Macro photography",21
"Party",21
"Plant stem",21
"Pub",21
"Aquatic plant",22
"Beauty",22
"Dress",22
"Neck",22
"Reptile",22
"Stock photography",22
"Waterfall",22
"Yard",22
"Alcoholic beverage",23
"Black hair",23
"Café",23
"Door",23
"Felidae",23
"Lawn ornament",23
"Mythology",23
"Valdivian temperate rain forest",23
"Cool",24
"Eyewear",24
"Floral design",24
"Parakeet",24
"Pattern",24
"Arch",25
"Canidae",25
"Flame",25
"Joint",25
"Motor vehicle",25
"Residential area",25
"Spring",25
"Tourist attraction",25
"Window",25
"Arm",26
"Japanese architecture",26
"Mouth",26
"Painting",26
"Pedestrian",26
"Shoulder",26
"Skin",26
"Brush-footed butterfly",27
"Fashion accessory",27
"Flooring",27
"Nose",27
"Old-growth forest",27
"Soil",27
"Tavern",27
"Costume",28
"Face",28
"Hand",28
"Plant community",28
"Relief",28
"Sunrise",28
"World",28
"Distilled beverage",29
"Geological phenomenon",29
"Glasses",29
"Hawker",29
"Heat",29
"Holy places",29
"Sunlight",29
"Tropics",29
"Atmosphere",30
"Houseplant",30
"Public event",30
"Waterway",30
"Carnivore",31
"Cottage",31
"Estate",31
"Macaw",31
"Mountain",31
"Water feature",31
"Attalea speciosa",32
"Ceiling",32
"Crop",32
"Darkness",32
"Floristry",32
"Forehead",33
"Highland",33
"River",33
"Black",34
"Local food",34
"Selfie",34
"Walkway",34
"Wilderness",34
"Dancer",35
"Elaeis",35
"Headgear",35
"Illustration",35
"Sunset",35
"Ancient history",36
"Archaeological site",36
"Body of water",36
"Happy",36
"Transport",36
"White",36
"Bar",37
"Landscaping",37
"Parrot",37
"Terrace",37
"Village",37
"Facade",38
"Fire",38
"Head",38
"Summer",38
"Tropical and subtropical coniferous forests",38
"Backyard",39
"Tail",39
"Text",39
"Yellow",39
"Eating",40
"Team",40
"Textile",40
"Land lot",41
"Visual arts",41
"Evening",42
"Human settlement",42
"Play",42
"Pollinator",42
"Branch",43
"Grassland",43
"Lighting",43
"Snout",43
"Floor",44
"Human",44
"Town",44
"Dessert",45
"Farm",45
"Fictional character",45
"Horizon",45
"Chinese architecture",46
"Pink",46
"Vegetable",46
"Butterfly",47
"Moths and butterflies",47
"Reflection",47
"Toddler",47
"Metal",48
"Monochrome photography",49
"Photograph",49
"Light",50
"Ruins",50
"Mode of transport",51
"City",52
"Folk dance",52
"Leg",52
"Bazaar",53
"Performing arts",54
"Petal",54
"Trunk",54
"Atmospheric phenomenon",55
"Carnival",55
"Wood",55
"Car",57
"Font",57
"Performance art",57
"Wall",57
"Zoo",57
"Dance",60
"Vegetarian food",60
"Botanical garden",63
"Invertebrate",63
"Roof",63
"Street",63
"Breakfast",64
"Comfort food",65
"Road",65
"Biome",66
"Recipe",66
"Swimming pool",66
"Hill station",67
"Morning",67
"Beak",69
"Field",69
"Insect",69
"Selling",69
"Agriculture",70
"Green",70
"Monochrome",70
"Snapshot",70
"Ceremony",71
"Performance",73
"Rhesus macaque",73
"Black-and-white",74
"Pond",74
"Rock",75
"Monument",76
"Public space",77
"Table",77
"Marketplace",79
"Brunch",81
"Recreation",81
"Sitting",82
"Plantation",83
"Watercourse",83
"Bird",84
"Grass family",84
"Terrestrial animal",84
"Flowering plant",85
"Market",85
"Mammal",86
"Arecales",88
"Water resources",88
"Lunch",89
"Woody plant",89
"Drink",90
"Travel",94
"Community",95
"Real estate",98
"Resort",98
"Interior design",101
"Night",101
"Paddy field",101
"Vehicle",101
"Cloud",106
"Festival",106
"Furniture",107
"Rural area",107
"Macaque",108
"Garden",111
"Primate",112
"Produce",112
"Terrestrial plant",114
"Vertebrate",115
"Home",122
"Ritual",123
"Crowd",126
"Restaurant",126
"Smile",131
"Shrine",133
"Carving",137
"Palm tree",139
"Child",142
"Wat",144
"Leaf",147
"People",148
"Hindu temple",154
"Meal",156
"Organism",167
"Rainforest",172
"Forest",179
"Ingredient",179
"Room",182
"Statue",185
"Property",188
"Fun",190
"Stone carving",191
"Photography",193
"Wildlife",195
"Historic site",200
"Landscape",202
"Tradition",204
"Sculpture",207
"Water",207
"Flower",213
"Natural environment",214
"Grass",224
"Natural landscape",244
"Vacation",255
"Nature reserve",263
"Dish",265
"Nature",296
"Place of worship",299
"Cuisine",301
"House",302
"Art",315
"Sky",315
"Jungle",324
"Tourism",340
"Adaptation",341
"Food",341
"Vegetation",377
"Event",427
"Architecture",464
"Botany",468
"Leisure",493
"Building",578
"Plant",942
"Temple",942
"Tree",963
